id;name;week_day;time_begin;time_end;owner;user_id
1;mobile Fish;Home Loan Account Table Computer;2019-12-04T00:26:58;2019-12-03T14:49:18;seamless Metal deposit;5641
2;transmitter Implementation Electronics;Soap methodology Albania;2019-12-03T15:28:37;2019-12-04T01:17:24;Namibia;39986
3;Gorgeous Frozen Pants;Common;2019-12-03T06:59:58;2019-12-03T11:00:09;syndicate;98323
4;Canyon HDD;Table Small Frozen Sausages Planner;2019-12-03T06:26:32;2019-12-03T16:35:37;Music;23089
5;Monitored Bahamian Dollar Investment Account;Games Regional Digitized;2019-12-03T09:56:36;2019-12-03T07:42:54;convergence;20794
6;Georgia Industrial;connect Markets Chief;2019-12-03T11:29:39;2019-12-03T08:23:21;archive Georgia Aruba;96117
7;navigating;interactive generating compelling;2019-12-03T19:06:04;2019-12-03T11:16:30;bifurcated scalable;16526
8;Industrial;index orange;2019-12-04T01:42:40;2019-12-04T01:30:20;magenta monitor 1080p;60595
9;Identity;Frozen IB;2019-12-03T10:53:05;2019-12-03T15:03:25;Ergonomic;37081
10;Lempira;pixel withdrawal;2019-12-03T04:33:03;2019-12-03T12:22:26;embrace Developer;84891
