id;pay_time;pay_person_id;pay_person_name;pay_amount
1;2019-12-02T19:18:05;Idaho compress Avon;system Small;43933
2;2019-12-03T10:58:15;Outdoors;Harbor Montana;69551
3;2019-12-02T15:46:44;Phased;Saint Lucia white;94285
4;2019-12-03T11:42:45;neutral Salad;Auto Loan Account modular Refined;45653
5;2019-12-02T18:16:20;maroon;EXE projection Fresh;35629
6;2019-12-03T05:55:41;Gorgeous Profit-focused synergies;cutting-edge ability Hat;53408
7;2019-12-03T03:32:32;magenta Concrete;User-centric Gloves;21876
8;2019-12-03T01:06:33;Kenyan Shilling robust;Versatile Exclusive Moroccan Dirham;71227
9;2019-12-03T06:20:21;zero tolerance;mission-critical;97661
10;2019-12-03T01:29:45;Small Plastic Pants Investor;Canadian Dollar;53093
